_id,account_id,transaction_count,bucket_start_date,bucket_end_date,t_date_1,t_amount_1,t_code_1,t_symbol_1,t_price_1,t_total_1,t_date_2,t_amount_2,t_code_2,t_symbol_2,t_price_2,t_total_2,t_date_3,t_amount_3,t_code_3,t_symbol_3,t_price_3,t_total_3
5ca4bbc1a2dd94ee58161cb1,443178,66,2/3/1969 17:00,1/2/2017 17:00,2003-09-08T17:00:00.000-07:00,7514,buy,adbe,19.10728027,143572.1039112657392422534031},2016-06-13T17:00:00.000-07:00,9240,buy,team,24.15256324,223169.6843263008480562348268},2002-12-03T17:00:00.000-07:00,2824,buy,msft,21.04619395,59434.45172396509892109861539}
5ca4bbc1a2dd94ee58161cb2,716662,48,5/12/1962 17:00,12/26/2016 17:00,2008-03-18T17:00:00.000-07:00,8592,buy,amd,6.258685669,53774.62726801650693175815832},2008-05-26T17:00:00.000-07:00,5360,sell,amd,6.884694355,36901.96174033806869374529924},2015-11-04T17:00:00.000-07:00,4878,buy,amd,2.22665841,10861.63972295893094166530091}
5ca4bbc1a2dd94ee58161cb3,557378,56,6/10/1990 17:00,11/5/2016 17:00,2006-10-05T17:00:00.000-07:00,2561,sell,adbe,38.23661921,97923.98179839266745716486184},2000-06-18T17:00:00.000-07:00,9153,sell,adbe,31.12236745,284863.0292551144618116154561},2013-11-05T17:00:00.000-07:00,18,buy,amzn,356.6390663,6419.503194219526903907535598}
5ca4bbc1a2dd94ee58161cb4,278603,83,6/1/1975 17:00,1/3/2017 17:00,2016-09-12T17:00:00.000-07:00,3425,buy,goog,758.1547636,2596680.065173425191460410133},1979-08-20T17:00:00.000-07:00,2157,sell,intc,0.232600003,501.7182075083255767822265625},2010-08-05T17:00:00.000-07:00,2148,sell,nvda,8.779488294,18858.34085516540501714644051}
5ca4bbc1a2dd94ee58161cb5,674364,57,6/12/1973 17:00,1/8/2017 17:00,2014-08-28T17:00:00.000-07:00,9592,buy,nvda,18.62192687,178621.5225644296500604468747},2016-03-14T17:00:00.000-07:00,338,buy,goog,726.4857404,245552.1802466047799953230424},2009-07-07T17:00:00.000-07:00,7268,sell,intc,12.6622181,92029.00112608859484453205368}
5ca4bbc1a2dd94ee58161cb6,383701,36,3/19/1987 17:00,12/8/2016 17:00,1996-10-10T17:00:00.000-07:00,88,buy,adbe,4.421109053,389.0575966260862443846235692},2009-02-25T17:00:00.000-07:00,7366,sell,adbe,16.86064257,124195.4931407950674255857848},2000-01-19T17:00:00.000-07:00,712,sell,ebay,7.679252799,5467.627993178165411336522084}
5ca4bbc1a2dd94ee58161cb7,775690,58,9/10/1976 17:00,1/7/2017 17:00,2013-04-07T17:00:00.000-07:00,813,buy,adbe,43.18457243,35109.05738344819378937700094},2009-11-03T17:00:00.000-07:00,9202,sell,intc,14.99428981,137977.4548396655161504043008},2009-03-01T17:00:00.000-07:00,1715,sell,intc,9.885506917,16953.64436254408906812329860}
5ca4bbc1a2dd94ee58161cb8,996263,77,1/14/1988 17:00,1/8/2017 17:00,2015-12-29T17:00:00.000-07:00,4195,buy,msft,53.95884577,226357.3580214888386308302870},2005-11-13T17:00:00.000-07:00,3208,sell,crm,7.042313362,22591.74126396306512987166570},2012-06-25T17:00:00.000-07:00,6482,sell,crm,33.76911441,218891.3996125886213945932468}
5ca4bbc1a2dd94ee58161cb9,316726,25,7/1/1971 17:00,12/21/2016 17:00,2014-03-17T17:00:00.000-07:00,9094,sell,znga,5.335974173,48525.34913184605123070980426},1998-04-06T17:00:00.000-07:00,4875,sell,ibm,43.89913348,214008.2757310647680881743327},2000-04-10T17:00:00.000-07:00,3211,sell,intc,53.34781889,171299.8464690529144363040359}
5ca4bbc1a2dd94ee58161cba,126668,58,9/18/1971 17:00,1/5/2017 17:00,2012-11-28T17:00:00.000-07:00,16,sell,crm,39.46597572,631.4556115397789426424424164},2011-08-22T17:00:00.000-07:00,6113,sell,crm,28.35789093,173351.7872711163660284228172},2013-11-05T17:00:00.000-07:00,8008,sell,adbe,54.80189039,438853.5382313678523473754467}
5ca4bbc1a2dd94ee58161cbb,278866,100,12/11/1962 17:00,1/8/2017 17:00,1975-12-01T17:00:00.000-07:00,3062,buy,ibm,11.63359203,35622.05878361907802798214107},2012-10-15T17:00:00.000-07:00,4044,sell,amzn,243.3860729,984253.2786970293742569992901},2016-08-17T17:00:00.000-07:00,4383,sell,sap,87.06709289,381615.0681574086080445340485}
5ca4bbc1a2dd94ee58161cbc,795909,78,7/17/1963 17:00,12/24/2016 17:00,2009-01-05T17:00:00.000-07:00,5242,sell,adbe,23.53913448,123392.1429365861426177275462},2002-09-09T17:00:00.000-07:00,3105,buy,adbe,9.710445349,30150.93280761659794819706804},2013-01-24T17:00:00.000-07:00,5787,buy,ibm,176.2255468,1019817.239085090391995436221}
5ca4bbc1a2dd94ee58161cbd,136137,51,12/21/1992 17:00,1/1/2017 17:00,2016-11-30T17:00:00.000-07:00,4542,sell,crm,70.15112077,318626.3905505087044787160266},2015-03-03T17:00:00.000-07:00,3885,sell,crm,65.76992338,255516.1523309245010437962264},2015-03-10T17:00:00.000-07:00,1800,buy,sap,64.67449543,116414.0917687117507739458233}
5ca4bbc1a2dd94ee58161cbe,831097,99,1/25/1965 17:00,12/29/2016 17:00,2005-02-21T17:00:00.000-07:00,6516,sell,nvda,8.712880485,56773.12924158989947187592406},2011-12-08T17:00:00.000-07:00,9978,sell,crm,30.42695755,303600.1824129369019615865000},2009-05-26T17:00:00.000-07:00,4117,sell,crm,9.304113966,38305.03719892413857728286075}
5ca4bbc1a2dd94ee58161cbf,462501,77,1/9/1973 17:00,12/29/2016 17:00,2016-10-02T17:00:00.000-07:00,288,buy,goog,772.2333085,222403.1928511306468863040209},2013-10-29T17:00:00.000-07:00,20,buy,bb,8.209143862,164.1828772399830427275446709},2008-11-17T17:00:00.000-07:00,9865,buy,nflx,3.040651692,29996.02893746229711036122012}
5ca4bbc1a2dd94ee58161cc0,968786,33,12/18/1974 17:00,1/3/2017 17:00,2005-07-19T17:00:00.000-07:00,9803,buy,nflx,2.389126532,23420.60739209642226654750630},2016-08-30T17:00:00.000-07:00,5342,sell,znga,2.743892681,14657.87470113420279105298505},2013-10-29T17:00:00.000-07:00,2727,buy,znga,3.576087304,9751.990076986541350567705422}
5ca4bbc1a2dd94ee58161cc1,228290,66,6/3/1972 17:00,1/2/2017 17:00,2003-06-22T17:00:00.000-07:00,391,sell,nvda,7.233179129,2828.173039469641635079710795},2015-03-30T17:00:00.000-07:00,7128,sell,goog,554.0370452,3949176.057846844248160778079},2014-03-30T17:00:00.000-07:00,7014,sell,msft,37.05601791,259910.9096288661579592371709}
5ca4bbc1a2dd94ee58161cc2,377292,12,9/17/1973 17:00,11/6/2016 17:00,2016-05-19T17:00:00.000-07:00,701,sell,fb,117.201221,82158.05589571293639039595291},2015-11-03T17:00:00.000-07:00,1307,buy,goog,729.613122,953604.3504952522024495920050},2016-05-30T17:00:00.000-07:00,4252,sell,nvda,46.4463829,197490.0200911805072223614843}
5ca4bbc1a2dd94ee58161cc3,116508,81,4/25/1986 17:00,12/29/2016 17:00,2006-03-02T17:00:00.000-07:00,3503,sell,aapl,8.733538959,30593.58697289730337232072088},1991-08-18T17:00:00.000-07:00,8653,sell,aapl,1.588546204,13745.69030454545107677866156},2011-08-16T17:00:00.000-07:00,288,sell,sap,49.25035979,14184.10361934629781899275258}
5ca4bbc1a2dd94ee58161cc4,852986,3,6/5/1986 17:00,3/10/2011 17:00,2010-02-23T17:00:00.000-07:00,866,sell,nvda,15.41568789,13349.98570918918362337990402},1990-06-17T17:00:00.000-07:00,2918,buy,adbe,2.202956035,6428.225709013878939046549021},2006-02-06T17:00:00.000-07:00,6009,sell,msft,22.61923358,135918.9745908085073615723104}]
5ca4bbc1a2dd94ee58161cc5,170945,66,10/18/1987 17:00,1/4/2017 17:00,2016-10-13T17:00:00.000-07:00,3946,buy,team,28.01393539,110542.9890490024419449355264},2014-10-02T17:00:00.000-07:00,1068,buy,nflx,65.42636311,69875.35579977036184118333040},2014-01-20T17:00:00.000-07:00,8768,buy,nflx,46.97398339,411867.8863319998736187699251}
5ca4bbc1a2dd94ee58161cc6,771641,15,12/31/1990 17:00,12/15/2016 17:00,2012-03-13T17:00:00.000-07:00,2931,buy,sap,65.07576455,190737.0658822458210437389425},2000-08-31T17:00:00.000-07:00,8077,sell,nvda,12.41742146,100295.5131353193405026047458},2015-03-16T17:00:00.000-07:00,5935,buy,goog,548.2270901,3253727.780039907123068587680}
5ca4bbc1a2dd94ee58161cc7,55958,10,10/1/2001 17:00,12/14/2016 17:00,2016-10-24T17:00:00.000-07:00,4903,buy,goog,809.2527259,3967766.114939329388448641112},2013-09-23T17:00:00.000-07:00,2039,sell,nvda,14.951809,30486.73855278142747593506101},2016-05-26T17:00:00.000-07:00,5716,buy,adbe,99.03587073,566089.0370799383758821932133}
5ca4bbc1a2dd94ee58161cc8,87389,23,2/25/1998 17:00,12/30/2016 17:00,2016-10-02T17:00:00.000-07:00,3073,sell,fb,128.6322748,395286.9805018659482414022932},2011-09-22T17:00:00.000-07:00,5335,buy,amzn,222.8791406,1189060.215174755016107610572},2016-09-08T17:00:00.000-07:00,9847,buy,goog,763.7907536,7521047.550565736436283259536}
5ca4bbc1a2dd94ee58161cc9,409325,15,4/12/1992 17:00,8/21/2016 17:00,2009-04-30T17:00:00.000-07:00,9141,sell,sap,34.16337986,312287.4552870023829527212911},2010-03-25T17:00:00.000-07:00,2133,buy,amd,8.99191267,19179.74972569753945172976728},2015-04-13T17:00:00.000-07:00,4357,buy,sap,70.60102514,307608.6665208067306593875401}
5ca4bbc1a2dd94ee58161cca,327942,55,1/20/1986 17:00,12/6/2016 17:00,2014-07-06T17:00:00.000-07:00,1209,sell,csco,22.50539607,27209.02385263837784279417065},2010-04-21T17:00:00.000-07:00,9567,sell,nvda,15.06354979,144112.9808484252440550221763},2003-03-27T17:00:00.000-07:00,4027,buy,msft,18.74351562,75480.13742140046077011561465}
5ca4bbc1a2dd94ee58161ccb,951500,77,2/8/1962 17:00,1/3/2017 17:00,2008-02-10T17:00:00.000-07:00,7060,buy,ebay,11.83238248,83536.62033208222315039392925},2015-12-14T17:00:00.000-07:00,3419,sell,goog,746.1735081,2551167.224084221626981161535},1990-10-29T17:00:00.000-07:00,2122,sell,aapl,0.93931519,1993.226834089776406511163032}
5ca4bbc1a2dd94ee58161ccd,785350,45,10/16/1969 17:00,11/29/2016 17:00,2012-06-07T17:00:00.000-07:00,1640,sell,sap,53.81503926,88256.66438742576815457141493},2006-12-04T17:00:00.000-07:00,348,sell,adbe,39.07028177,13596.45805586864443625927379},1980-05-21T17:00:00.000-07:00,8516,sell,ibm,11.14631339,94922.00482742010278514044330}
5ca4bbc1a2dd94ee58161cce,387979,95,8/23/1973 17:00,12/20/2016 17:00,1979-07-08T17:00:00.000-07:00,8978,sell,intc,0.216619998,1944.814343988895416259765625},2012-04-04T17:00:00.000-07:00,5853,sell,nvda,13.69704953,80168.83090005046161152790773},1992-02-20T17:00:00.000-07:00,4938,sell,csco,0.475089955,2345.994199862485204421957974}
5ca4bbc1a2dd94ee58161ccf,198100,66,9/7/1975 17:00,1/3/2017 17:00,2006-01-09T17:00:00.000-07:00,8353,sell,ebay,19.49011892,162800.9633682506144047863472},1990-10-10T17:00:00.000-07:00,3566,buy,intc,0.742121562,2646.405489726808864636709018},2016-12-20T17:00:00.000-07:00,1102,sell,goog,795.7687248,876937.1346905269911076175049}
5ca4bbc1a2dd94ee58161cd0,209363,56,4/27/1972 17:00,12/30/2016 17:00,2011-12-28T17:00:00.000-07:00,4210,sell,nvda,12.70530419,53489.33062716316770845992323},2007-05-07T17:00:00.000-07:00,7082,sell,ebay,14.51585521,102801.2865859646936499416370},2014-12-25T17:00:00.000-07:00,2897,buy,nvda,19.93291072,57745.64234182464969791226395}
5ca4bbc1a2dd94ee58161cd1,556654,5,11/2/1998 17:00,6/2/2016 17:00,2015-06-01T17:00:00.000-07:00,6151,sell,crm,72.84264393,448055.1028418908002066700647},2014-11-30T17:00:00.000-07:00,9275,buy,msft,44.69693493,414564.0714337110184217749520},2015-12-14T17:00:00.000-07:00,647,buy,sap,76.14443675,49265.45057699470571321853640}
5ca4bbc1a2dd94ee58161cd2,433314,79,1/30/1988 17:00,1/5/2017 17:00,2012-08-19T17:00:00.000-07:00,1840,buy,sap,60.7233879,111731.0337431326939849896007},2011-11-22T17:00:00.000-07:00,9039,buy,crm,26.10434595,235957.1830503066555095870171},2013-07-09T17:00:00.000-07:00,2797,sell,crm,39.62614481,110834.3270241326879386178916}
5ca4bbc1a2dd94ee58161cd3,328304,62,3/15/1989 17:00,1/3/2017 17:00,2013-04-01T17:00:00.000-07:00,982,buy,adbe,43.6160374,42830.94872246266612592080492},2014-04-10T17:00:00.000-07:00,7479,sell,ebay,22.54233861,168594.1504425560312476761737},2003-10-02T17:00:00.000-07:00,873,buy,adbe,20.30042779,17722.27345861168045004774285}
5ca4bbc1a2dd94ee58161cd4,491860,15,5/30/1985 17:00,2/28/2016 17:00,2014-04-21T17:00:00.000-07:00,9734,sell,csco,20.98543032,204272.1787138863637949270924},2003-10-26T17:00:00.000-07:00,897,buy,amd,13.92687955,12492.41095852021654799557382},2013-04-01T17:00:00.000-07:00,9879,sell,amd,2.442615156,24130.59512289449076272163097}
5ca4bbc1a2dd94ee58161cd5,463155,9,11/22/1983 17:00,10/25/2015 17:00,2009-02-02T17:00:00.000-07:00,7581,sell,ebay,5.260088427,39876.73036663878812113637196},1998-05-20T17:00:00.000-07:00,6691,buy,amd,10.4532134,69942.45087010487058698515739},1986-07-16T17:00:00.000-07:00,9759,sell,amd,7.372007065,71943.41694818100568120655680}
5ca4bbc1a2dd94ee58161cd6,487188,73,7/10/1987 17:00,1/5/2017 17:00,2015-09-20T17:00:00.000-07:00,3471,sell,ebay,26.26363456,91161.07555656468551319449034},2010-01-20T17:00:00.000-07:00,4474,buy,amzn,125.9820261,563643.5846008040358583457419},2002-01-16T17:00:00.000-07:00,854,sell,adbe,17.74118706,15150.97374973424875577165949}
5ca4bbc1a2dd94ee58161cd8,729049,76,6/17/1974 17:00,12/24/2016 17:00,2007-07-23T17:00:00.000-07:00,6309,sell,intc,19.64081578,123913.9067346246296565936973},2015-11-19T17:00:00.000-07:00,8610,buy,nvda,31.16714754,268349.1403517874459083714100},2006-04-27T17:00:00.000-07:00,341,buy,adbe,39.46910176,13458.96369852960161495047942}
5ca4bbc1a2dd94ee58161cd9,149440,8,6/30/1999 17:00,5/29/2016 17:00,2015-09-07T17:00:00.000-07:00,1641,buy,goog,606.3483211,995017.5949378040311330551049},2007-04-09T17:00:00.000-07:00,7912,buy,amzn,41.54072754,328670.2362773103359359083697},2007-01-10T17:00:00.000-07:00,3666,sell,csco,23.81466097,87304.54711267100434923804642}
5ca4bbc1a2dd94ee58161cda,701440,34,12/5/1971 17:00,1/1/2017 17:00,2016-08-18T17:00:00.000-07:00,885,sell,goog,773.7978783,684811.1223286770695040104329},2016-01-04T17:00:00.000-07:00,4635,buy,sap,74.75711881,346499.2457065336892441109740},1972-09-10T17:00:00.000-07:00,1776,buy,ibm,16.3644365,29063.23923086662648529454600}
5ca4bbc1a2dd94ee58161cdb,842570,66,2/26/1986 17:00,1/1/2017 17:00,2015-10-12T17:00:00.000-07:00,5044,sell,fb,94.35665313,475934.9583629713345658274193},2013-04-30T17:00:00.000-07:00,2323,buy,fb,27.54311288,63982.65122327842972538292088},2016-07-05T17:00:00.000-07:00,2180,sell,team,26.83331735,58496.63183010650570281541150}
5ca4bbc1a2dd94ee58161cdc,987988,40,10/24/1991 17:00,1/8/2017 17:00,2016-03-06T17:00:00.000-07:00,1795,buy,team,23.52314519,42224.04560807830719681987830},2016-10-23T17:00:00.000-07:00,2762,sell,nflx,126.4523443,349261.3749751834657217841595},2017-01-05T17:00:00.000-07:00,2192,buy,team,25.1199309,55062.88853112668937228590949}
5ca4bbc1a2dd94ee58161cdd,324287,21,7/10/1979 17:00,10/19/2016 17:00,1999-10-17T17:00:00.000-07:00,6087,sell,amd,8.523601456,51883.16206326455514918905010},2012-11-05T17:00:00.000-07:00,9319,sell,crm,36.54027243,340518.7988178247682995447576},2010-03-14T17:00:00.000-07:00,5886,buy,csco,21.52291391,126683.8712965019810496869468}
5ca4bbc1a2dd94ee58161cde,422649,74,1/18/1972 17:00,1/6/2017 17:00,2008-09-10T17:00:00.000-07:00,6268,buy,csco,18.55467947,116300.7308870405805549808065},2016-06-28T17:00:00.000-07:00,177,buy,crm,78.39000238,13875.03042044108659069934220},2010-07-21T17:00:00.000-07:00,2086,buy,crm,24.06995564,50209.92745974965577460125132}
5ca4bbc1a2dd94ee58161cdf,794875,6,12/26/1991 17:00,9/5/2016 17:00,2011-12-27T17:00:00.000-07:00,1197,buy,nvda,12.73300243,15241.40390863112172326054861},2016-06-12T17:00:00.000-07:00,8797,buy,nvda,46.53873172,409401.2229765902593427995271},2016-08-30T17:00:00.000-07:00,6146,sell,ebay,32.11600885,197384.9903830559086514995215}
5ca4bbc1a2dd94ee58161ce0,383777,25,8/28/1975 17:00,1/1/2017 17:00,2014-12-09T17:00:00.000-07:00,2739,buy,nvda,19.93058048,54589.85993423561532367216387},2012-02-05T17:00:00.000-07:00,8793,buy,ebay,13.76307476,121018.7164011466751016854460},2013-12-15T17:00:00.000-07:00,5435,buy,nvda,14.41946578,78369.79650232966318590399624}
5ca4bbc1a2dd94ee58161ce1,503933,12,3/21/1983 17:00,1/8/2017 17:00,2005-05-05T17:00:00.000-07:00,6156,buy,ebay,14.60738943,89923.08934887316252826394702},2009-03-17T17:00:00.000-07:00,8116,sell,bb,41.90189957,340075.8169097638255493620818},2007-06-21T17:00:00.000-07:00,1585,sell,ebay,13.63959339,21618.75551812164292897477935}
5ca4bbc1a2dd94ee58161ce2,599752,77,12/26/1983 17:00,1/8/2017 17:00,2016-01-31T17:00:00.000-07:00,3365,sell,msft,52.23320121,175764.7220839778881895654195},2010-08-17T17:00:00.000-07:00,609,buy,msft,20.62843247,12562.71537192701803320460385},2014-03-13T17:00:00.000-07:00,2751,buy,crm,58.8658865,161940.0537632289599159207683}
5ca4bbc1a2dd94ee58161ce3,161460,18,12/25/1973 17:00,10/7/2016 17:00,2010-01-10T17:00:00.000-07:00,6743,buy,sap,46.26980103,311997.2683276676450461195600},2011-03-15T17:00:00.000-07:00,9138,buy,nvda,16.33736649,149290.8549493459350330226698},1981-02-22T17:00:00.000-07:00,4203,sell,ibm,12.60481574,52978.04054586043562835584453}
5ca4bbc1a2dd94ee58161ce4,839727,46,12/12/1986 17:00,12/18/2016 17:00,2016-12-06T17:00:00.000-07:00,9833,sell,goog,757.0901908,7444467.845746257429027537000},2016-11-30T17:00:00.000-07:00,9289,sell,goog,755.2876568,7015867.043764621755713051243},2013-10-17T17:00:00.000-07:00,9114,buy,adbe,52.38262472,477415.2417152778410240898666}
5ca4bbc1a2dd94ee58161ce5,832510,13,5/8/1990 17:00,1/4/2017 17:00,2013-03-10T17:00:00.000-07:00,3884,buy,msft,24.74221325,96098.75627370362323631525214},2010-12-14T17:00:00.000-07:00,607,sell,ebay,12.72407572,7723.513960646304433055320260},2012-07-04T17:00:00.000-07:00,359,buy,bb,7.663789871,2751.300563643986006212571738}
5ca4bbc1a2dd94ee58161ce6,255695,17,5/21/1990 17:00,9/10/2016 17:00,1999-05-04T17:00:00.000-07:00,9685,sell,amd,8.358295851,80950.09532013621414314741287},2005-06-05T17:00:00.000-07:00,6594,buy,amd,16.97196352,111913.1274595564788683077495},2008-05-18T17:00:00.000-07:00,4964,sell,crm,16.7783658,83287.80781601388646606665134}
5ca4bbc1a2dd94ee58161ce7,475387,83,4/24/1987 17:00,12/26/2016 17:00,2012-01-16T17:00:00.000-07:00,5278,sell,amd,5.79951925,30609.86260343220283708376428},2015-01-29T17:00:00.000-07:00,7365,sell,crm,56.70262925,417614.8643991894036275880353},2009-05-06T17:00:00.000-07:00,4516,sell,msft,16.66065295,75239.50872038663379726131097}
5ca4bbc1a2dd94ee58161ce8,984021,84,4/29/1984 17:00,11/12/2016 17:00,2009-12-13T17:00:00.000-07:00,3239,sell,nvda,14.29358121,46296.90953729141813965952679},2010-08-31T17:00:00.000-07:00,1272,sell,ebay,10.03408943,12763.36174955185622081899055},1990-07-23T17:00:00.000-07:00,7552,sell,msft,0.696112809,5257.043935546418822468694998}
5ca4bbc1a2dd94ee58161ce9,581161,55,6/17/1990 17:00,1/8/2017 17:00,2016-05-30T17:00:00.000-07:00,2482,sell,goog,733.7746605,1821228.707305949573765246896},2015-12-09T17:00:00.000-07:00,2755,buy,goog,745.2211757,2053084.339147210675378119049},2008-03-06T17:00:00.000-07:00,1752,sell,amzn,63.44274343,111151.6864874855982066037541}
5ca4bbc1a2dd94ee58161cea,296866,96,1/22/1971 17:00,11/30/2016 17:00,2015-10-04T17:00:00.000-07:00,1105,buy,intc,29.17679517,32240.35866032757120080987079},2015-05-17T17:00:00.000-07:00,8075,buy,znga,3.035875521,24514.69483094173077430966146},2012-07-11T17:00:00.000-07:00,789,sell,bb,7.111399812,5610.894451854247304112277561}
5ca4bbc1a2dd94ee58161ceb,330961,27,5/15/1979 17:00,12/3/2016 17:00,2015-02-23T17:00:00.000-07:00,3571,buy,amzn,376.2455974,1343573.028492806131737324904},2014-12-18T17:00:00.000-07:00,275,sell,adbe,74.56038233,20504.10514200542344553923613},2016-07-24T17:00:00.000-07:00,6689,buy,goog,740.2215135,4951341.703638668471967321238}
5ca4bbc1a2dd94ee58161cec,612356,19,12/11/1984 17:00,12/30/2016 17:00,2002-10-13T17:00:00.000-07:00,9085,sell,amzn,18.86223144,171363.3725908211368782474437},2007-05-09T17:00:00.000-07:00,6794,sell,ibm,86.6054455,588397.3967338962822282155685},2008-03-02T17:00:00.000-07:00,1613,sell,adbe,32.85469598,52994.62462264216033958064145}
5ca4bbc1a2dd94ee58161ced,139582,93,2/4/1992 17:00,1/1/2017 17:00,2010-03-24T17:00:00.000-07:00,9100,buy,amzn,129.6198953,1179541.046929823406230752880},2010-09-06T17:00:00.000-07:00,4311,buy,csco,17.2178446,74226.12805887275924021651008},2010-01-25T17:00:00.000-07:00,7464,sell,nvda,15.21995231,113601.7240475463444511206035}
5ca4bbc1a2dd94ee58161cee,347313,54,2/23/1963 17:00,12/29/2016 17:00,2002-12-29T17:00:00.000-07:00,5293,sell,adbe,12.4372767,65830.50558310205471812537326},2008-03-11T17:00:00.000-07:00,4970,buy,sap,44.84701731,222889.6760312410013682438148},2014-08-06T17:00:00.000-07:00,9155,sell,ibm,165.6124288,1516181.785217954279687546659}
5ca4bbc1a2dd94ee58161cef,813016,50,8/27/1974 17:00,11/8/2016 17:00,2015-08-19T17:00:00.000-07:00,2391,buy,csco,25.08671615,59982.33830292140604711903507},2006-04-09T17:00:00.000-07:00,961,sell,csco,17.33450193,16658.45635804487931252992894},2009-04-29T17:00:00.000-07:00,4258,buy,nflx,6.476476929,27576.83876382505440361114779}
5ca4bbc1a2dd94ee58161cf0,785786,82,3/17/1964 17:00,12/25/2016 17:00,2005-08-07T17:00:00.000-07:00,2125,buy,aapl,5.533299523,11758.26148617595545697867010},2014-01-05T17:00:00.000-07:00,8849,sell,aapl,70.85201645,626969.4935767100537020724005},1996-04-03T17:00:00.000-07:00,5627,sell,amd,8.779128274,49400.15479650981008497012681}
5ca4bbc1a2dd94ee58161cf1,130514,27,10/8/1991 17:00,1/2/2017 17:00,2015-03-05T17:00:00.000-07:00,5865,sell,msft,40.07589085,235045.0998492842051490470112},2016-03-01T17:00:00.000-07:00,7074,buy,crm,70.4718123,498517.6002270414608688042790},2011-05-22T17:00:00.000-07:00,905,sell,bb,43.26115946,39151.34930868919656887783276}
5ca4bbc1a2dd94ee58161cf2,199962,26,8/23/1987 17:00,12/26/2016 17:00,1992-01-20T17:00:00.000-07:00,3480,sell,aapl,1.962636154,6829.973815783511907895331206},2011-11-29T17:00:00.000-07:00,3795,sell,aapl,48.63967399,184587.5627840497470089076160},2014-12-29T17:00:00.000-07:00,3353,sell,ebay,24.01852475,80534.11347915025050880899471}
5ca4bbc1a2dd94ee58161cf3,375872,94,9/5/1962 17:00,1/3/2017 17:00,2009-12-21T17:00:00.000-07:00,422,buy,amd,9.71439492,4099.474656393758902339641281},2001-02-21T17:00:00.000-07:00,473,buy,aapl,1.207120967,570.9682172441323326772533164},2016-09-11T17:00:00.000-07:00,5160,sell,team,29.85551004,154054.4318291510531082622038}
5ca4bbc1a2dd94ee58161cf4,914559,5,6/27/2002 17:00,1/4/2017 17:00,2016-02-18T17:00:00.000-07:00,9473,buy,team,21.17021878,200545.4825418016575326873863},2003-03-03T17:00:00.000-07:00,4779,buy,amzn,22.30367373,106589.2567486282681201714695},2017-01-03T17:00:00.000-07:00,2416,buy,team,24.94455472,60266.04419712712314094460453}
5ca4bbc1a2dd94ee58161cf5,304914,65,4/13/1985 17:00,12/28/2016 17:00,2006-06-04T17:00:00.000-07:00,1233,sell,bb,21.90478762,27008.60313272012299279367653},2014-02-18T17:00:00.000-07:00,9926,buy,sap,76.29385856,757292.8400977976629349086579},2009-08-27T17:00:00.000-07:00,4386,sell,sap,44.54087369,195356.2720225050367730545986}
5ca4bbc1a2dd94ee58161cf6,604732,74,4/25/1998 17:00,12/31/2016 17:00,2016-04-10T17:00:00.000-07:00,2584,sell,amzn,603.2432333,1558780.514832559360911545809},2016-01-24T17:00:00.000-07:00,6307,buy,team,23.57496148,148687.2820682009772035314654},2016-05-11T17:00:00.000-07:00,3589,buy,team,21.49977757,77162.70169688794298323841758}
5ca4bbc1a2dd94ee58161cf7,849766,87,8/14/1985 17:00,12/31/2016 17:00,2016-08-10T17:00:00.000-07:00,1673,sell,bb,7.958953671,13315.32949160421109180418853},2015-12-22T17:00:00.000-07:00,8663,sell,nflx,117.2918139,1016098.983445929745457192439},2008-11-04T17:00:00.000-07:00,2405,sell,bb,53.09955251,127704.4237970592433839556179}
5ca4bbc1a2dd94ee58161cf8,627629,90,4/22/1984 17:00,1/7/2017 17:00,2014-02-25T17:00:00.000-07:00,6939,sell,znga,5.291440346,36717.30456305271940475876136},2009-08-05T17:00:00.000-07:00,7514,buy,adbe,32.21790199,242085.3155220937053115903836},2014-10-12T17:00:00.000-07:00,8634,sell,goog,538.1654192,4646520.229527383647337046568}
5ca4bbc1a2dd94ee58161cf9,175894,96,6/3/1984 17:00,1/5/2017 17:00,2007-07-25T17:00:00.000-07:00,5985,buy,nflx,2.460466078,14725.88947880039922155859244},2010-09-06T17:00:00.000-07:00,328,sell,nflx,20.38556858,6686.466494385264240918331780},2011-12-29T17:00:00.000-07:00,103,buy,bb,14.63331381,1507.231322031646458370346409}
5ca4bbc1a2dd94ee58161cfa,977774,98,11/1/1972 17:00,1/5/2017 17:00,1999-05-02T17:00:00.000-07:00,1903,sell,ibm,86.29262663,164214.8684694397197318949111},2016-03-13T17:00:00.000-07:00,81,buy,fb,110.2220523,8927.986234673190196531322727},2014-06-04T17:00:00.000-07:00,854,buy,msft,37.48648271,32013.45623765231329116431880}
5ca4bbc1a2dd94ee58161cfb,904434,84,1/14/1972 17:00,12/30/2016 17:00,2016-10-19T17:00:00.000-07:00,4375,buy,bb,7.454497889,32613.42826477344303270911041},2011-06-29T17:00:00.000-07:00,3405,buy,amd,6.993695472,23813.53308084433049618411360},2010-01-10T17:00:00.000-07:00,5438,sell,amd,9.417552487,51212.65042356518790356290083}
5ca4bbc1a2dd94ee58161cfc,904260,60,1/20/1977 17:00,12/28/2016 17:00,2015-02-01T17:00:00.000-07:00,689,buy,intc,30.58076556,21070.14747254339591364669104},2011-02-08T17:00:00.000-07:00,2791,sell,crm,33.6417989,93894.26073824357469987944569},1993-05-04T17:00:00.000-07:00,1047,buy,intc,2.494253072,2611.482966296563791974705282}
5ca4bbc1a2dd94ee58161cfd,139687,91,7/5/1983 17:00,12/11/2016 17:00,2012-09-16T17:00:00.000-07:00,4636,buy,csco,16.17415965,74983.40413040031882019320619},1999-02-08T17:00:00.000-07:00,6264,buy,amd,8.599132392,53864.96530617529191431458457},2015-06-22T17:00:00.000-07:00,345,buy,amd,2.567743468,885.8714963521709351290667200}
5ca4bbc1a2dd94ee58161cff,371138,14,12/9/1977 17:00,12/3/2016 17:00,2013-10-17T17:00:00.000-07:00,3887,buy,csco,20.00869718,77773.80592608435588175552766},2015-02-19T17:00:00.000-07:00,6514,buy,intc,31.23331422,203453.8088120963680083264080},2015-06-23T17:00:00.000-07:00,7060,buy,crm,73.55631134,519307.5580548199764052696992}
5ca4bbc1a2dd94ee58161d00,470650,85,12/31/1964 17:00,1/2/2017 17:00,2016-02-16T17:00:00.000-07:00,7375,buy,team,22.38716201,165105.3198170922913234903717},2014-05-01T17:00:00.000-07:00,4305,sell,nflx,47.89797415,206200.7787219073990314655020},2012-05-06T17:00:00.000-07:00,3598,sell,nflx,10.60996655,38174.65962987850019061397688}
5ca4bbc1a2dd94ee58161d01,565468,81,9/11/1972 17:00,12/9/2016 17:00,2015-10-13T17:00:00.000-07:00,5588,sell,bb,7.321478755,40912.42328350207698761664687},2000-04-19T17:00:00.000-07:00,9711,sell,bb,6.825193554,66279.45460006743534719930722},2014-12-17T17:00:00.000-07:00,2741,buy,ebay,24.0489886,65918.27775444952010275301291}
5ca4bbc1a2dd94ee58161d02,276528,47,5/3/1973 17:00,12/20/2016 17:00,2006-01-05T17:00:00.000-07:00,8919,buy,nvda,12.64605264,112790.1435317430081717304802},2012-04-19T17:00:00.000-07:00,1868,sell,amd,8.188207358,15295.57134553767129858670160},2010-02-16T17:00:00.000-07:00,3418,sell,csco,19.80139118,67681.15506665440636879793601}
5ca4bbc1a2dd94ee58161d03,332179,99,9/17/1973 17:00,1/6/2017 17:00,2006-07-17T17:00:00.000-07:00,7776,buy,amd,20.80279114,161762.5039378377978209755383},2012-07-23T17:00:00.000-07:00,8544,buy,amd,4.167914057,35610.65770162967521628161194},2008-03-26T17:00:00.000-07:00,1012,sell,csco,20.01268136,20252.83354081217140674198163}
5ca4bbc1a2dd94ee58161d04,403363,11,10/25/1982 17:00,12/29/2016 17:00,2016-01-05T17:00:00.000-07:00,7050,buy,amd,2.474768028,17447.11459998892750800081330},2014-04-23T17:00:00.000-07:00,7002,sell,znga,4.618138978,32336.20912443389598500687043},1984-10-30T17:00:00.000-07:00,669,sell,ibm,26.25714108,17566.02738021377473387474311}
5ca4bbc1a2dd94ee58161d05,931314,44,6/13/1990 17:00,12/22/2016 17:00,2003-03-06T17:00:00.000-07:00,256,buy,nvda,3.834721758,981.6887700406978183309547603},2009-02-18T17:00:00.000-07:00,4072,sell,adbe,19.85027038,80830.30097856240146825257398},2003-11-20T17:00:00.000-07:00,785,buy,csco,18.27420057,14345.24744758656700227561487}
5ca4bbc1a2dd94ee58161d06,118127,43,1/10/1987 17:00,1/6/2017 17:00,2008-05-27T17:00:00.000-07:00,1439,buy,ebay,12.81742903,18444.28038101925650238399612},1987-10-11T17:00:00.000-07:00,1902,sell,adbe,1.134389076,2157.608022647743524213836963},2015-01-25T17:00:00.000-07:00,5885,sell,fb,77.66142206,457037.4687958224897954551125}
5ca4bbc1a2dd94ee58161d07,423171,92,11/11/1987 17:00,12/18/2016 17:00,2008-09-18T17:00:00.000-07:00,9212,buy,ebay,9.486255937,87387.38969610463384185550240},2014-07-24T17:00:00.000-07:00,5863,buy,fb,75.52854425,442823.8549371862449817172092},2016-06-30T17:00:00.000-07:00,479,buy,fb,114.6258429,54905.77875863021199620561674}
5ca4bbc1a2dd94ee58161d08,235286,83,1/15/1973 17:00,1/1/2017 17:00,2012-05-13T17:00:00.000-07:00,2861,sell,nvda,11.97688435,34265.86613844008794416140518},2013-09-10T17:00:00.000-07:00,8609,sell,nvda,14.57419635,125469.2563578040658214263203},2015-02-11T17:00:00.000-07:00,2223,buy,intc,31.26853345,69509.94986778105164759722356}
5ca4bbc1a2dd94ee58161d09,895735,81,5/9/1986 17:00,1/5/2017 17:00,2010-06-24T17:00:00.000-07:00,4119,sell,msft,20.58423757,84786.47455967577541358082271},2016-02-16T17:00:00.000-07:00,9588,buy,crm,60.76043016,582571.0043680998120407821261},2015-11-05T17:00:00.000-07:00,1076,buy,crm,78.9034823,84900.14695127148456776922103}
5ca4bbc1a2dd94ee58161d0a,78388,28,2/5/1968 17:00,1/8/2017 17:00,2009-03-12T17:00:00.000-07:00,7420,buy,amzn,69.59439463,516390.4081724125094865485153},1988-09-01T17:00:00.000-07:00,9557,sell,ibm,23.43477813,223966.1745412294810826381308},2016-05-25T17:00:00.000-07:00,7263,sell,crm,83.56291232,606917.4321626061464769463782}
5ca4bbc1a2dd94ee58161d0b,781775,93,8/28/1984 17:00,12/26/2016 17:00,2012-12-06T17:00:00.000-07:00,4414,sell,aapl,69.1756804,305341.4532735879171525539277},2005-05-22T17:00:00.000-07:00,7786,buy,aapl,5.047340501,39298.59314121977166855970154},2002-04-25T17:00:00.000-07:00,3949,sell,amzn,16.87491503,66639.03943832816140968589025}
5ca4bbc1a2dd94ee58161d0c,973067,48,12/27/1999 17:00,1/5/2017 17:00,2015-02-22T17:00:00.000-07:00,8985,sell,fb,79.22572321,711843.1230079479534111897010},2015-12-30T17:00:00.000-07:00,4238,buy,fb,105.0084792,445025.9346759142865437297587},2015-10-21T17:00:00.000-07:00,8324,buy,fb,99.40813447,827473.3113423627414704242256}
5ca4bbc1a2dd94ee58161d0d,740604,97,1/14/1967 17:00,1/5/2017 17:00,2016-08-21T17:00:00.000-07:00,900,sell,sap,86.4359266,77792.33393607575521855324041},2016-04-10T17:00:00.000-07:00,1105,sell,znga,2.339056478,2584.657407809076570259776418},1995-10-01T17:00:00.000-07:00,1575,buy,adbe,6.374432197,10039.73070996905347929128993}
5ca4bbc1a2dd94ee58161d0e,356905,88,5/27/1984 17:00,12/4/2016 17:00,2003-07-08T17:00:00.000-07:00,742,sell,nvda,7.930835177,5884.679701653793246762802482},2011-06-07T17:00:00.000-07:00,6230,sell,nvda,16.2262111,101089.2951251206978824370708},2013-06-27T17:00:00.000-07:00,540,sell,amd,4.101543182,2214.833318245699462778475208}
5ca4bbc1a2dd94ee58161d0f,673123,38,12/3/1988 17:00,1/8/2017 17:00,2003-07-13T17:00:00.000-07:00,2900,sell,bb,3.91611659,11356.73810958749494481878628},2014-11-04T17:00:00.000-07:00,5637,buy,fb,76.29226081,430059.4741976280027131451789},2015-06-15T17:00:00.000-07:00,1777,sell,fb,81.22006675,144328.0586199793283412873279}
5ca4bbc1a2dd94ee58161d10,116390,2,11/13/2010 17:00,1/12/2016 17:00,2015-11-08T17:00:00.000-07:00,6322,sell,sap,76.49802663,483620.5243842651356089845649},2011-11-01T17:00:00.000-07:00,776,buy,adbe,29.16661024,22633.28954914019101352096186}],,,,,,
5ca4bbc1a2dd94ee58161d11,236908,95,2/11/1985 17:00,12/6/2016 17:00,2007-11-15T17:00:00.000-07:00,8137,sell,amzn,76.9615682,626236.2804568746993538752577},2016-11-15T17:00:00.000-07:00,4681,buy,sap,81.15354663,379879.7517949750327233005009},2008-02-12T17:00:00.000-07:00,3183,sell,amzn,78.398512,249542.4636971576865818178703}
5ca4bbc1a2dd94ee58161d12,689102,93,7/16/1964 17:00,1/4/2017 17:00,2005-06-30T17:00:00.000-07:00,3234,sell,sap,39.5039843,127755.8852340623143248876659},1991-11-19T17:00:00.000-07:00,8080,buy,ibm,19.91810459,160938.2850952030867119901814},1988-11-16T17:00:00.000-07:00,660,buy,ibm,23.966719,15818.03454260533094100082963}
5ca4bbc1a2dd94ee58161d13,658755,17,5/2/1997 17:00,6/26/2016 17:00,2015-08-23T17:00:00.000-07:00,903,sell,nflx,91.69533793,82800.89015275204295107869257},2011-03-06T17:00:00.000-07:00,3168,buy,nflx,30.31238936,96029.64950167109236645046622},2010-10-11T17:00:00.000-07:00,5199,sell,sap,47.21556941,245473.7453869476821850525994}
5ca4bbc1a2dd94ee58161d14,312052,27,2/12/1989 17:00,11/25/2016 17:00,2014-10-14T17:00:00.000-07:00,4408,sell,bb,8.654884787,38150.73213972099023294504150},2014-04-30T17:00:00.000-07:00,6614,sell,bb,7.694833944,50893.63170550455052953964241},2003-04-28T17:00:00.000-07:00,7983,buy,csco,12.67171307,101158.2854285887516763153826}
5ca4bbc1a2dd94ee58161d15,918103,75,10/23/1984 17:00,1/8/2017 17:00,2010-06-07T17:00:00.000-07:00,3578,sell,aapl,32.47325048,116189.2902002266658030293911},2006-11-21T17:00:00.000-07:00,2211,buy,aapl,11.30059327,24985.61172135810569372438295},2011-12-20T17:00:00.000-07:00,6161,buy,sap,48.58007249,299301.8266103541262452836236}
5ca4bbc1a2dd94ee58161d16,893492,5,3/27/1985 17:00,6/9/2016 17:00,1995-04-11T17:00:00.000-07:00,8360,buy,msft,3.41123447,28517.92016950801205155130447},2016-03-27T17:00:00.000-07:00,3431,buy,fb,114.0326083,391245.8791087164426301114872},2015-08-06T17:00:00.000-07:00,8092,buy,fb,95.08088356,769394.5097550116472007175616}
5ca4bbc1a2dd94ee58161d17,788678,64,9/10/1983 17:00,1/5/2017 17:00,2015-02-09T17:00:00.000-07:00,6822,buy,goog,527.8132779,3600742.182008889187045497238},2016-09-18T17:00:00.000-07:00,3305,sell,goog,773.7123262,2557119.237979663354849435564},2011-05-16T17:00:00.000-07:00,7760,sell,amd,8.55864215,66415.06308767570544659974985}
5ca4bbc1a2dd94ee58161d18,827328,67,2/19/1985 17:00,1/1/2017 17:00,2006-07-10T17:00:00.000-07:00,9346,sell,amd,22.5573855,210821.3248590008795133599051},2005-03-02T17:00:00.000-07:00,9408,buy,csco,14.77462597,138999.6811307565328661439708},2011-01-20T17:00:00.000-07:00,1414,buy,amd,7.984278807,11289.77023259133472521398289}
5ca4bbc1a2dd94ee58161d19,595194,70,2/20/1987 17:00,12/20/2016 17:00,2016-01-19T17:00:00.000-07:00,5065,sell,amzn,550.3986501,2787769.162574868739739031298},1996-03-11T17:00:00.000-07:00,5761,buy,aapl,0.821696379,4733.792837495929207936029570},2009-10-26T17:00:00.000-07:00,7120,sell,amzn,123.0768438,876307.1280130666866625688272}
5ca4bbc1a2dd94ee58161d1a,358213,89,4/25/1984 17:00,1/5/2017 17:00,2014-08-28T17:00:00.000-07:00,3422,sell,goog,571.3989755,1955327.294110299634894545306},2016-04-11T17:00:00.000-07:00,1493,buy,goog,734.3684419,1096412.083710185622408062045},2009-09-22T17:00:00.000-07:00,2715,sell,amd,6.071618813,16484.44507662373661016630422}
5ca4bbc1a2dd94ee58161d1b,767808,18,9/19/1988 17:00,11/6/2016 17:00,2000-10-08T17:00:00.000-07:00,9432,sell,adbe,36.30476148,342426.5102828224028144177282},2016-06-12T17:00:00.000-07:00,3176,sell,amzn,712.3698246,2262486.562803273060126230121},2009-07-14T17:00:00.000-07:00,3391,buy,adbe,29.70888701,100742.8358625624447562074693}
5ca4bbc1a2dd94ee58161d1c,522933,41,6/29/1985 17:00,1/7/2017 17:00,2002-12-10T17:00:00.000-07:00,3140,sell,csco,11.47368604,36027.37416416134646368618633},2016-06-05T17:00:00.000-07:00,2001,buy,goog,714.8310149,1430376.860726384922372744768},2006-03-14T17:00:00.000-07:00,9863,buy,amd,34.60288801,341288.2844433132270651753970}
5ca4bbc1a2dd94ee58161d1d,292314,8,1/2/1992 17:00,12/21/2016 17:00,2007-05-14T17:00:00.000-07:00,7027,sell,bb,50.06835701,351830.3447141917319456183577},2014-10-22T17:00:00.000-07:00,1986,sell,bb,10.15829074,20174.36540603507188151866103},2016-12-13T17:00:00.000-07:00,9918,buy,bb,7.803544355,77395.55291436232507606973741}
5ca4bbc1a2dd94ee58161d1e,120556,75,12/13/1985 17:00,1/5/2017 17:00,2004-11-25T17:00:00.000-07:00,9066,sell,adbe,30.43569461,275930.0073670889767640801438},1998-05-28T17:00:00.000-07:00,1745,sell,amzn,7.354623202,12833.81748715620105816270780},2000-12-26T17:00:00.000-07:00,3288,buy,aapl,0.913066438,3002.162448038791008109171798}
5ca4bbc1a2dd94ee58161d1f,719065,41,11/5/1989 17:00,12/31/2016 17:00,2011-03-13T17:00:00.000-07:00,8564,sell,csco,14.73760589,126212.8568054622449281509944},2001-10-08T17:00:00.000-07:00,8424,buy,csco,12.45995691,104962.6770043532648770678861},1995-10-04T17:00:00.000-07:00,373,buy,msft,4.006890554,1494.570176797719455841217950}
5ca4bbc1a2dd94ee58161d20,202669,61,7/27/1984 17:00,1/3/2017 17:00,2014-02-20T17:00:00.000-07:00,2098,buy,msft,34.91410622,73249.79483995928146100595768},2016-09-18T17:00:00.000-07:00,7511,sell,bb,7.31794543,54965.08812702276626183106600},2016-11-07T17:00:00.000-07:00,9757,sell,goog,788.1321168,7689805.063173551990075793583}
5ca4bbc1a2dd94ee58161d21,585158,22,6/17/1981 17:00,12/2/2016 17:00,1986-12-08T17:00:00.000-07:00,2665,buy,aapl,0.657510899,1752.266546523547548486199332},1988-11-16T17:00:00.000-07:00,1717,sell,ibm,23.92131948,41072.90554143216623828038792},2005-02-07T17:00:00.000-07:00,7756,buy,ibm,78.75601438,610831.6475413713280886440771}
5ca4bbc1a2dd94ee58161d22,515844,3,8/7/2006 17:00,11/1/2016 17:00,2014-08-17T17:00:00.000-07:00,1527,buy,znga,3.076649705,4698.044099786558167597405600},2016-08-09T17:00:00.000-07:00,2890,sell,fb,124.7222557,360447.3188820914035090936522},2009-10-04T17:00:00.000-07:00,5212,buy,nflx,6.492242648,33837.56868193825834367771677}]
5ca4bbc1a2dd94ee58161d23,951849,89,12/30/1985 17:00,1/8/2017 17:00,2016-02-18T17:00:00.000-07:00,6623,sell,team,22.35696193,148070.1588644931996228137905},2014-07-31T17:00:00.000-07:00,8476,buy,znga,2.837972737,24054.65691651933055617007540},2016-08-14T17:00:00.000-07:00,9740,sell,nflx,96.70301445,941887.3607697720990472589619}
5ca4bbc1a2dd94ee58161d24,563516,67,9/27/1986 17:00,1/2/2017 17:00,1997-12-03T17:00:00.000-07:00,8818,buy,msft,13.37788909,117966.2259919380249080234080},2006-12-11T17:00:00.000-07:00,6303,sell,msft,24.51349743,154508.5743265408824100859420},2012-09-09T17:00:00.000-07:00,3180,sell,csco,16.228823,51607.65714876550944723021530}
5ca4bbc1a2dd94ee58161d25,346408,37,5/2/1997 17:00,1/1/2017 17:00,2015-03-24T17:00:00.000-07:00,8851,buy,amzn,378.4920515,3350033.147470559451164717757},2016-04-27T17:00:00.000-07:00,7431,buy,ebay,24.63254374,183044.4325300406036625133765},2016-11-17T17:00:00.000-07:00,8200,buy,ebay,28.84369289,236518.2817204413588285660808}
5ca4bbc1a2dd94ee58161d26,260799,92,10/12/1997 17:00,1/6/2017 17:00,2015-10-28T17:00:00.000-07:00,3772,buy,goog,711.9049306,2685305.398408487249071185943},2015-07-12T17:00:00.000-07:00,1861,buy,goog,540.3648904,1005619.061001850471257057507},2012-02-09T17:00:00.000-07:00,4830,sell,nvda,14.82006663,71580.92180825447869096933573}
5ca4bbc1a2dd94ee58161d27,859697,77,10/17/1983 17:00,1/2/2017 17:00,2015-08-31T17:00:00.000-07:00,6639,sell,znga,2.500244394,16599.12253455050086881072957},2009-03-24T17:00:00.000-07:00,9097,buy,sap,33.59662341,305628.4831379376296709438066},2015-09-29T17:00:00.000-07:00,2615,buy,adbe,80.93287917,211639.4790281132470255442968}
5ca4bbc1a2dd94ee58161d28,385397,17,9/30/1975 17:00,1/8/2017 17:00,2014-07-16T17:00:00.000-07:00,6393,buy,sap,77.53406755,495675.2938785298807857770953},2015-08-30T17:00:00.000-07:00,1128,sell,znga,2.491045266,2809.899059589222833466237716},2007-03-29T17:00:00.000-07:00,5288,buy,bb,45.44191616,240296.8526678347841425420484}
5ca4bbc1a2dd94ee58161d29,330318,72,9/2/1999 17:00,1/1/2017 17:00,2014-05-07T17:00:00.000-07:00,3268,buy,znga,3.504955037,11454.19306176763856264244623},2006-10-30T17:00:00.000-07:00,9166,buy,nvda,20.61640003,188969.9226577110995748398636},2014-07-22T17:00:00.000-07:00,4813,sell,nflx,61.42867612,295656.2181659498213690540069}
5ca4bbc1a2dd94ee58161d2a,240640,97,9/14/1984 17:00,12/28/2016 17:00,2013-06-26T17:00:00.000-07:00,5402,sell,amzn,275.0539525,1485841.451657337748429199564},1994-03-03T17:00:00.000-07:00,6759,buy,msft,1.905033905,12876.12416525713630299776469},2013-02-18T17:00:00.000-07:00,2228,sell,amzn,265.2063392,590879.7237521293443478498375}
5ca4bbc1a2dd94ee58161d2b,839760,19,9/24/1988 17:00,12/17/2016 17:00,2013-05-22T17:00:00.000-07:00,4690,buy,msft,30.57720887,143407.1095858481328022548951},2016-06-16T17:00:00.000-07:00,8940,sell,team,25.4898139,227878.9362567032699047331334},2013-03-03T17:00:00.000-07:00,3096,buy,crm,46.06428471,142615.0254660707960852050746}
5ca4bbc1a2dd94ee58161d2c,721914,17,2/14/2002 17:00,11/24/2016 17:00,2015-06-23T17:00:00.000-07:00,4702,buy,goog,537.5850205,2527724.766440557767282371060},2015-06-23T17:00:00.000-07:00,2421,buy,goog,537.9559466,1302391.346638137704303517239},2016-11-14T17:00:00.000-07:00,3978,buy,goog,756.0965311,3007752.000682644895277917385}
5ca4bbc1a2dd94ee58161d2d,985280,69,3/24/1984 17:00,1/5/2017 17:00,2016-03-03T17:00:00.000-07:00,8718,buy,goog,714.0481181,6225071.493250302944034046959},2007-05-02T17:00:00.000-07:00,8402,buy,msft,25.7664993,216490.1270914080802683088223},2000-06-29T17:00:00.000-07:00,1088,sell,amd,39.13383372,42577.61108859386513358913362}
5ca4bbc1a2dd94ee58161d2e,817222,20,9/29/2001 17:00,1/7/2017 17:00,2012-10-25T17:00:00.000-07:00,6117,sell,nvda,11.21258065,68587.35583339611356379350582},2011-09-11T17:00:00.000-07:00,5855,buy,amzn,211.4053215,1237778.157645104303696825809},2016-11-09T17:00:00.000-07:00,7914,buy,goog,758.6062705,6003610.024897225715221793507}
5ca4bbc1a2dd94ee58161d2f,679236,66,2/13/1986 17:00,1/7/2017 17:00,2004-07-05T17:00:00.000-07:00,955,sell,amd,14.67872521,14018.18257858481330480060478},2014-09-23T17:00:00.000-07:00,8924,sell,fb,78.44803001,700070.2198112934007667718106},2016-06-06T17:00:00.000-07:00,8696,sell,goog,718.3634556,6246888.609591633326999726705}
5ca4bbc1a2dd94ee58161d30,337979,35,11/5/1972 17:00,1/8/2017 17:00,2015-05-04T17:00:00.000-07:00,4110,sell,sap,72.11940153,296410.7402824153776066395949},2016-02-18T17:00:00.000-07:00,2142,buy,sap,74.94898464,160540.7251063443330281188537},2012-02-26T17:00:00.000-07:00,149,sell,ebay,15.35842067,2288.404680374015484289884625}
5ca4bbc1a2dd94ee58161d31,323636,27,5/15/1986 17:00,12/16/2016 17:00,2013-04-08T17:00:00.000-07:00,9182,buy,sap,72.83465807,668767.8303580763663376274053},2014-09-02T17:00:00.000-07:00,6192,sell,amzn,337.5811783,2090302.655921263688469480257},2015-11-01T17:00:00.000-07:00,2103,buy,nvda,28.13031361,59158.04951549461431525855915}
5ca4bbc1a2dd94ee58161d32,702610,52,9/12/1985 17:00,1/6/2017 17:00,2000-07-19T17:00:00.000-07:00,873,sell,aapl,3.495256162,3051.358629502266353039630076},1999-05-05T17:00:00.000-07:00,4278,buy,aapl,1.473491432,6303.596346310383951916378464},2015-09-01T17:00:00.000-07:00,433,buy,goog,602.2847981,260789.3175688942427541405777}
5ca4bbc1a2dd94ee58161d33,472963,84,10/10/1998 17:00,1/8/2017 17:00,2008-08-05T17:00:00.000-07:00,993,buy,nflx,4.287761406,4257.747076632679878116505279},2010-05-31T17:00:00.000-07:00,48,buy,amzn,123.1771252,5912.502008229086413848563097},2007-06-14T17:00:00.000-07:00,4871,sell,amzn,72.27686126,352060.5911735793029322394432}
5ca4bbc1a2dd94ee58161d34,945232,52,4/17/1966 17:00,1/7/2017 17:00,2013-08-19T17:00:00.000-07:00,8514,sell,nvda,14.14127135,120398.7842486039901963579268},2016-03-22T17:00:00.000-07:00,1134,buy,goog,744.7778458,844578.0770939316021213016938},2015-11-09T17:00:00.000-07:00,8442,buy,nvda,30.5422497,257837.6719964552623807207965}
5ca4bbc1a2dd94ee58161d35,162007,31,1/24/1986 17:00,11/8/2016 17:00,1998-11-02T17:00:00.000-07:00,1970,buy,msft,19.98352423,39367.54272470649489434890711},2001-03-20T17:00:00.000-07:00,3055,buy,msft,19.43390236,59370.57171904381183580312609},2009-06-03T17:00:00.000-07:00,2269,buy,crm,9.952858716,22583.03642676707958969473111}
5ca4bbc1a2dd94ee58161d36,630581,80,3/6/1986 17:00,1/8/2017 17:00,2009-02-05T17:00:00.000-07:00,5975,buy,msft,16.11521225,96288.39317749839610272033497},2009-06-08T17:00:00.000-07:00,9897,buy,msft,18.7073378,185146.5222331625111280573037},2008-02-03T17:00:00.000-07:00,7774,sell,msft,25.54226634,198565.5785346250935745615607}
5ca4bbc1a2dd94ee58161d37,694827,86,3/22/1975 17:00,1/1/2017 17:00,2013-04-25T17:00:00.000-07:00,6929,buy,nvda,12.58913689,87230.12951167877923275284502},2014-10-16T17:00:00.000-07:00,3474,buy,nvda,17.26908428,59992.79879429591840533930736},2016-09-15T17:00:00.000-07:00,1402,buy,team,29.76198839,41726.30771977761401814177589}
5ca4bbc1a2dd94ee58161d38,987709,68,11/8/1986 17:00,1/4/2017 17:00,2016-05-17T17:00:00.000-07:00,5468,sell,fb,117.6578098,643352.9039548046747540865908},2012-08-29T17:00:00.000-07:00,7614,buy,fb,19.30608635,146996.5414821846572408503562},1995-11-26T17:00:00.000-07:00,1462,sell,msft,4.11177702,6011.418002799814319203619561}
5ca4bbc1a2dd94ee58161d39,312740,5,1/20/1992 17:00,2/14/2015 17:00,2009-02-05T17:00:00.000-07:00,7366,sell,nflx,5.104867395,37602.45323475104289556725234},1992-12-08T17:00:00.000-07:00,849,sell,aapl,1.834092526,1557.144554983763985900324656},2012-06-04T17:00:00.000-07:00,5818,buy,aapl,71.82897688,417900.9874617593125094572315}
5ca4bbc1a2dd94ee58161d3a,631901,47,7/11/1987 17:00,12/5/2016 17:00,1995-11-21T17:00:00.000-07:00,2495,sell,adbe,7.365058805,18375.82171735750485197513626},2016-07-19T17:00:00.000-07:00,3740,sell,team,28.0790061,105015.4828275244608448701911},2016-05-16T17:00:00.000-07:00,3417,sell,team,21.6361692,73930.79015300508583052874201}
5ca4bbc1a2dd94ee58161d3b,571880,65,1/15/1987 17:00,12/30/2016 17:00,2013-12-19T17:00:00.000-07:00,1045,buy,nvda,14.85739288,15525.97555651020873490608665},2016-03-01T17:00:00.000-07:00,3972,sell,goog,712.2921801,2829224.539394487891058815876},2014-10-05T17:00:00.000-07:00,9315,buy,goog,574.7282195,5353593.364615554139049891091}
5ca4bbc1a2dd94ee58161d3c,883283,59,3/31/1962 17:00,12/17/2016 17:00,1996-12-10T17:00:00.000-07:00,4944,sell,ibm,32.82242335,162274.0610226039801773367799},2015-12-30T17:00:00.000-07:00,9559,sell,csco,25.54993018,244231.7825550703702575106036},2014-07-23T17:00:00.000-07:00,2329,sell,nflx,60.69194607,141351.5424006925564839320941}
5ca4bbc1a2dd94ee58161d3d,980867,64,11/4/1964 17:00,1/3/2017 17:00,2015-01-04T17:00:00.000-07:00,9851,buy,sap,65.72595319,647466.3649171403351800790915},1970-09-13T17:00:00.000-07:00,1574,buy,ibm,11.22980806,17675.71788811064316959686948},2014-08-05T17:00:00.000-07:00,2547,sell,ibm,165.9087262,422569.5256166939259401260642}
5ca4bbc1a2dd94ee58161d3e,931483,34,5/8/1962 17:00,11/4/2016 17:00,1996-11-18T17:00:00.000-07:00,7255,sell,csco,5.890978546,42739.04935062797102673926020},2004-08-17T17:00:00.000-07:00,7806,sell,csco,15.39733665,120191.6098621739072989100805},2008-12-17T17:00:00.000-07:00,1196,sell,sap,32.44290856,38801.71863785113274047944287}
5ca4bbc1a2dd94ee58161d3f,534789,64,7/7/1963 17:00,12/31/2016 17:00,2015-05-26T17:00:00.000-07:00,5254,sell,csco,26.77827659,140693.0652230117062089220781},2010-09-16T17:00:00.000-07:00,7985,buy,sap,44.00969927,351417.4486847694378965911710},2011-09-07T17:00:00.000-07:00,742,buy,sap,47.58824574,35310.47833713589629667239933}
5ca4bbc1a2dd94ee58161d40,331169,58,2/12/1963 17:00,12/21/2016 17:00,2015-11-03T17:00:00.000-07:00,3599,buy,sap,77.77563485,279914.5098246029141080271074},2013-01-27T17:00:00.000-07:00,6829,sell,csco,18.09084317,123542.3679910212474837294394},2012-07-12T17:00:00.000-07:00,1542,sell,znga,4.935963614,7611.255892367299678014092024}
5ca4bbc1a2dd94ee58161d41,122923,53,11/12/1962 17:00,12/29/2016 17:00,2015-12-10T17:00:00.000-07:00,3065,sell,sap,75.63879233,231832.8985057719582840718431},2016-04-03T17:00:00.000-07:00,6550,sell,csco,26.91065284,176264.7760716477955966752234},2013-11-24T17:00:00.000-07:00,993,sell,znga,4.485792322,4454.391775496764827479978521}
5ca4bbc1a2dd94ee58161d42,709294,9,1/3/1990 17:00,10/6/2016 17:00,2001-08-05T17:00:00.000-07:00,4729,sell,ibm,88.59688307,418974.6600429669629193085711},2015-05-14T17:00:00.000-07:00,5333,sell,amd,2.327731246,12413.79073378885195211296377},2000-04-16T17:00:00.000-07:00,569,buy,amd,35.14729582,19998.81131991119401192236182}
5ca4bbc1a2dd94ee58161d43,567199,3,10/20/1989 17:00,1/29/2014 17:00,2013-06-13T17:00:00.000-07:00,6534,buy,nflx,30.34524863,198275.8545265724496573511715},1992-06-15T17:00:00.000-07:00,9215,buy,intc,1.217131363,11215.86550909576263546085784},2013-04-07T17:00:00.000-07:00,9845,buy,crm,41.07334698,404367.1010061727119477836823}]
5ca4bbc1a2dd94ee58161d44,88112,28,6/6/1982 17:00,12/18/2016 17:00,2011-07-26T17:00:00.000-07:00,68,buy,crm,36.38897212,2474.450104151539591157415998},2008-08-25T17:00:00.000-07:00,676,sell,amzn,81.72761222,55247.86585734861267837914056},1999-11-23T17:00:00.000-07:00,2915,buy,amd,13.85169927,40377.70336757765365476302577}
5ca4bbc1a2dd94ee58161d45,660732,36,7/28/1990 17:00,12/29/2016 17:00,2016-12-14T17:00:00.000-07:00,6176,sell,adbe,105.3288633,650511.0597881366006731695961},2016-01-20T17:00:00.000-07:00,108,buy,team,25.02799953,2703.023949001424128368853417},2013-11-28T17:00:00.000-07:00,7836,sell,crm,52.13635656,408540.4900245467370609731006}
5ca4bbc1a2dd94ee58161d46,51474,8,11/27/1990 17:00,8/27/2016 17:00,2005-04-05T17:00:00.000-07:00,9576,buy,bb,24.53304596,234928.4480827047273123753257},2013-12-10T17:00:00.000-07:00,1297,buy,crm,51.84522308,67243.25433495849350862272331},2010-06-30T17:00:00.000-07:00,3986,buy,ibm,102.9194491,410236.9243041447146254085965}
5ca4bbc1a2dd94ee58161d47,278149,77,3/15/1975 17:00,1/3/2017 17:00,2016-05-02T17:00:00.000-07:00,7772,buy,crm,76.10457276,591484.7395283669658851977147},2007-10-22T17:00:00.000-07:00,2020,sell,crm,13.12754034,26517.63147709994701273217288},2013-10-24T17:00:00.000-07:00,4833,sell,bb,8.256869547,39905.45051964978025615948809}
5ca4bbc1a2dd94ee58161d48,559866,98,10/26/1972 17:00,1/5/2017 17:00,2016-08-17T17:00:00.000-07:00,7198,buy,fb,124.1958889,893962.0085207045743231901724},2016-08-15T17:00:00.000-07:00,3402,buy,amd,6.869490906,23370.00806291914789092345472},2013-07-22T17:00:00.000-07:00,8621,buy,adbe,48.20879693,415608.0383297770822608185881}
5ca4bbc1a2dd94ee58161d49,442724,24,9/21/1985 17:00,1/5/2017 17:00,2003-06-29T17:00:00.000-07:00,8261,sell,amd,6.330251212,52294.20526118392217096442209},2013-03-03T17:00:00.000-07:00,7372,sell,amd,2.402921168,17714.33484807069590871719811},2016-06-21T17:00:00.000-07:00,8093,sell,team,26.03202036,210677.1407840624786658167977}
5ca4bbc1a2dd94ee58161d4a,427384,10,1/2/2009 17:00,12/23/2016 17:00,2009-02-18T17:00:00.000-07:00,4405,sell,crm,6.588908546,29024.14214428371820542196247},2014-11-27T17:00:00.000-07:00,3989,buy,goog,540.5402168,2156214.924813147684517389280},2013-10-27T17:00:00.000-07:00,9112,sell,fb,51.50182636,469284.6417720747586486140790}
5ca4bbc1a2dd94ee58161d4b,616602,95,4/5/1985 17:00,1/8/2017 17:00,2016-02-28T17:00:00.000-07:00,4325,sell,team,23.97800993,103704.8929394282096971835472},2013-11-28T17:00:00.000-07:00,719,buy,amd,3.599310235,2587.904058882710224498424623},2016-09-27T17:00:00.000-07:00,1925,buy,team,30.01397548,57776.90279923668841277617503}
5ca4bbc1a2dd94ee58161d4c,571311,89,10/4/1983 17:00,12/24/2016 17:00,2011-10-12T17:00:00.000-07:00,7706,buy,sap,51.77646887,398989.4690957099704604615908},2006-05-23T17:00:00.000-07:00,3908,sell,nvda,15.23907148,59554.29135797760943660250632},2010-12-01T17:00:00.000-07:00,3699,sell,sap,43.78058484,161944.3833166316880749491247}
5ca4bbc1a2dd94ee58161d4d,969957,19,10/12/1984 17:00,9/28/2016 17:00,2001-11-18T17:00:00.000-07:00,9681,buy,aapl,1.247416019,12076.23448398794690317181733},2013-02-10T17:00:00.000-07:00,8404,sell,aapl,62.43208724,524679.2611529269808841036138},2009-01-14T17:00:00.000-07:00,5082,buy,msft,15.76708478,80128.32484127348734048723600}
5ca4bbc1a2dd94ee58161d4e,696619,91,9/21/1985 17:00,1/8/2017 17:00,1999-11-29T17:00:00.000-07:00,2842,buy,msft,33.86217859,96236.31156337490591567984666},2015-07-22T17:00:00.000-07:00,5815,buy,msft,43.64474777,253794.2082591665936064373454},2013-04-10T17:00:00.000-07:00,5846,buy,sap,72.92561121,426323.1231436569439097183931}
5ca4bbc1a2dd94ee58161d4f,54977,15,11/20/1976 17:00,12/16/2016 17:00,2005-05-10T17:00:00.000-07:00,7923,buy,ebay,13.77760728,109159.9824709899235610777168},2011-09-26T17:00:00.000-07:00,6932,sell,ibm,150.8601148,1045762.315760866955542951473},2004-12-28T17:00:00.000-07:00,8026,buy,adbe,31.66573457,254149.1856960224174883933301}
5ca4bbc1a2dd94ee58161d50,853542,51,2/29/1992 17:00,1/6/2017 17:00,2009-04-15T17:00:00.000-07:00,7409,buy,nvda,10.66554906,79021.05296302615374948175031},2016-05-01T17:00:00.000-07:00,749,buy,amd,3.638719922,2725.401221640534042744974386},2016-10-04T17:00:00.000-07:00,3104,buy,team,29.1509153,90484.44110287477201381989289}
5ca4bbc1a2dd94ee58161d51,831600,77,11/15/1964 17:00,1/6/2017 17:00,2016-07-14T17:00:00.000-07:00,4162,buy,team,27.83131202,115833.9206274112501802164843},2006-12-21T17:00:00.000-07:00,4468,sell,ibm,80.07930637,357794.3408787209332899692527},1977-09-06T17:00:00.000-07:00,213,buy,ibm,13.93296661,2967.721888044642266635264605}
5ca4bbc1a2dd94ee58161d52,359211,87,7/24/1965 17:00,1/5/2017 17:00,2015-08-13T17:00:00.000-07:00,9025,sell,ebay,28.12215701,253802.4669924126561326716001},2004-09-14T17:00:00.000-07:00,2330,buy,bb,23.37572784,54465.44586402860808505010937},1991-05-21T17:00:00.000-07:00,4723,sell,ibm,21.65317697,102267.9548459360545109575469}
5ca4bbc1a2dd94ee58161d53,626536,74,3/2/1963 17:00,1/7/2017 17:00,2008-03-10T17:00:00.000-07:00,8141,buy,bb,99.2144267,807704.6477627165193098335294},2002-04-24T17:00:00.000-07:00,53,sell,ibm,72.13660187,3823.239899143756176158603921},2007-06-14T17:00:00.000-07:00,8662,sell,bb,57.53258841,498347.2807841865642899392697}
5ca4bbc1a2dd94ee58161d54,528224,89,2/18/1962 17:00,12/30/2016 17:00,2011-09-08T17:00:00.000-07:00,1948,sell,sap,46.02689695,89660.39525661567537895280111},1992-03-31T17:00:00.000-07:00,6893,sell,ibm,17.27257814,119059.8810961967313204468155},2005-08-08T17:00:00.000-07:00,7445,sell,csco,16.15980688,120309.7622014978344928692877}
5ca4bbc1a2dd94ee58161d55,447644,58,4/23/1976 17:00,11/22/2016 17:00,2009-02-08T17:00:00.000-07:00,7751,buy,adbe,21.90260472,169767.0891646971205801719407},2016-08-04T17:00:00.000-07:00,5421,buy,team,30.67351926,166281.1478891298792568420595},1988-06-20T17:00:00.000-07:00,2591,sell,adbe,1.159470601,3004.188326529298468381412590}
5ca4bbc1a2dd94ee58161d56,733789,33,12/15/1962 17:00,12/9/2016 17:00,2009-01-22T17:00:00.000-07:00,3880,sell,intc,10.26371225,39823.20353206416164937309077},2014-07-09T17:00:00.000-07:00,7205,sell,intc,28.23639166,203443.2019040253765673753605},2004-07-27T17:00:00.000-07:00,1186,buy,ebay,16.69875696,19804.72575695019085628700850}
5ca4bbc1a2dd94ee58161d57,62713,44,9/11/1962 17:00,12/27/2016 17:00,-1.27699E+11,849,buy,ibm,6.896797867,5855.381388692754875968660144},2001-01-31T17:00:00.000-07:00,4186,sell,csco,31.78933845,133070.1707614101183239085913},2002-09-05T17:00:00.000-07:00,9093,sell,bb,1.739107816,15813.70736710032155780680796}
5ca4bbc1a2dd94ee58161d58,387877,92,6/7/1983 17:00,1/8/2017 17:00,2016-05-08T17:00:00.000-07:00,742,buy,crm,74.69554229,55424.09237770034329173540755},2009-05-11T17:00:00.000-07:00,8023,sell,crm,10.35764906,83099.41837722860996962026547},2010-09-26T17:00:00.000-07:00,1121,buy,amd,7.233473035,8108.723272196469723738232460}
5ca4bbc1a2dd94ee58161d59,165279,5,4/7/2003 17:00,12/10/2016 17:00,2016-07-21T17:00:00.000-07:00,3756,buy,amzn,746.691347,2804572.699516485956337419339},2014-07-16T17:00:00.000-07:00,1706,buy,goog,571.315235,974663.7908399710040612262674},2003-11-30T17:00:00.000-07:00,8614,buy,amzn,53.9224767,464488.2142761129279051601770}
5ca4bbc1a2dd94ee58161d5a,645476,66,5/22/1988 17:00,1/8/2017 17:00,2016-12-19T17:00:00.000-07:00,5850,sell,goog,794.1750084,4645923.798882289617040441954},2006-12-17T17:00:00.000-07:00,928,sell,adbe,42.21108338,39171.88537207269155260291882},2015-10-28T17:00:00.000-07:00,7288,buy,goog,717.3632383,5228143.280990904554528242443}
5ca4bbc1a2dd94ee58161d5b,231223,16,3/10/1986 17:00,9/6/2016 17:00,2011-08-11T17:00:00.000-07:00,8636,sell,amzn,202.2606189,1746722.705110737487643746135},2016-07-31T17:00:00.000-07:00,3398,buy,amzn,766.16781,2603438.218433754847183081438},2010-07-26T17:00:00.000-07:00,2951,sell,adbe,29.03468643,85681.35964298139451145175371}
5ca4bbc1a2dd94ee58161d5c,460069,24,2/12/1984 17:00,12/9/2016 17:00,2016-08-24T17:00:00.000-07:00,2599,sell,team,28.35185363,73686.46759190619321699955435},2013-12-22T17:00:00.000-07:00,9011,sell,crm,53.8718232,485438.9988285759834525379119},2016-02-16T17:00:00.000-07:00,5607,buy,team,22.88359237,128308.3024332815993808765143}
5ca4bbc1a2dd94ee58161d5d,460192,11,5/3/1986 17:00,12/5/2016 17:00,2007-05-14T17:00:00.000-07:00,6488,sell,crm,10.9785671,71228.94332533790736761147855},2016-03-22T17:00:00.000-07:00,4632,buy,crm,72.31351434,334956.1984058602280356353731},2001-08-13T17:00:00.000-07:00,2711,buy,msft,24.62965237,66770.98757609130132806285474}
5ca4bbc1a2dd94ee58161d5e,666556,79,12/10/1988 17:00,1/7/2017 17:00,2004-01-12T17:00:00.000-07:00,9488,buy,adbe,18.45978275,175146.4187360131447235289670},2014-08-18T17:00:00.000-07:00,2610,sell,amzn,333.1628839,869555.1269233201361430474208},2004-08-18T17:00:00.000-07:00,1245,buy,adbe,22.84730394,28444.89340212962943610364164}
5ca4bbc1a2dd94ee58161d5f,900264,32,3/15/1988 17:00,1/6/2017 17:00,2000-03-27T17:00:00.000-07:00,4918,sell,amzn,70.67774708,347593.1601490466057953199197},2016-07-14T17:00:00.000-07:00,7214,buy,nvda,52.54749716,379077.6444859995088023651988},2007-07-30T17:00:00.000-07:00,7286,sell,adbe,41.17003348,299964.8639066733770448536234}
5ca4bbc1a2dd94ee58161d60,306033,80,12/22/1985 17:00,12/29/2016 17:00,2016-05-04T17:00:00.000-07:00,8342,buy,nvda,34.89194474,291068.6029974326657310257360},2011-11-15T17:00:00.000-07:00,8453,buy,aapl,49.27996427,416563.5379568666280576394456},2016-12-22T17:00:00.000-07:00,991,buy,team,24.35967836,24140.44125701010465334661603}
5ca4bbc1a2dd94ee58161d61,331043,98,10/21/1972 17:00,12/26/2016 17:00,2002-07-31T17:00:00.000-07:00,9632,sell,ebay,5.831244981,56166.55165920410283320052258},1998-09-07T17:00:00.000-07:00,2694,sell,csco,12.7730411,34410.57272856710730124518705},2014-11-12T17:00:00.000-07:00,9450,sell,ebay,22.98021381,217163.0205109164863941373369}
5ca4bbc1a2dd94ee58161d62,300735,29,9/16/1975 17:00,1/8/2017 17:00,2014-08-06T17:00:00.000-07:00,4780,sell,znga,2.941768623,14061.65401789394369558294784},2005-09-21T17:00:00.000-07:00,743,buy,ebay,15.87470309,11794.90439278722790383824304},2012-01-17T17:00:00.000-07:00,1885,sell,amd,6.005490557,11320.34969983254101943970227}
5ca4bbc1a2dd94ee58161d63,700880,14,9/2/1990 17:00,1/5/2017 17:00,2016-12-27T17:00:00.000-07:00,8148,buy,adbe,104.8592443,854393.1222547367160018438881},2014-03-27T17:00:00.000-07:00,578,buy,sap,76.45137987,44188.89756197037362994706200},2003-01-26T17:00:00.000-07:00,4583,buy,amd,5.525330614,25322.59020195874783176748224}
5ca4bbc1a2dd94ee58161d64,376846,15,10/5/2007 17:00,1/1/2017 17:00,2015-02-01T17:00:00.000-07:00,9673,buy,znga,2.551211655,24677.87034099548803300905320},2014-02-27T17:00:00.000-07:00,1742,buy,sap,76.01179215,132412.5419311402318669479428},2014-02-05T17:00:00.000-07:00,9570,sell,aapl,68.41528054,654734.2347770792493122371525}
5ca4bbc1a2dd94ee58161d65,662207,36,7/16/1985 17:00,1/5/2017 17:00,2003-09-17T17:00:00.000-07:00,2654,sell,aapl,1.438059269,3816.609299907835886056517438},2002-09-05T17:00:00.000-07:00,6301,sell,msft,18.15723557,114408.7413344598953486297432},2012-05-17T17:00:00.000-07:00,4891,sell,msft,25.73085131,125849.5937415209456275988487}
5ca4bbc1a2dd94ee58161d66,325377,23,9/30/1986 17:00,1/7/2017 17:00,1989-01-16T17:00:00.000-07:00,5465,buy,intc,0.571258141,3121.925739446961985956718877},2016-02-21T17:00:00.000-07:00,4447,sell,team,22.068726,98139.62450998188107575970207},2008-09-15T17:00:00.000-07:00,7962,buy,sap,51.46109608,409733.2469630914456928394429}
5ca4bbc1a2dd94ee58161d67,814687,72,7/24/1986 17:00,1/4/2017 17:00,2016-09-07T17:00:00.000-07:00,3592,sell,team,31.04586215,111516.7368403913388874570956},2012-04-19T17:00:00.000-07:00,8115,buy,nvda,12.70212908,103077.7774942178901707023897},2010-01-07T17:00:00.000-07:00,460,buy,ebay,9.821233672,4517.767488998617011475289473}
5ca4bbc1a2dd94ee58161d68,200611,14,4/1/1979 17:00,1/8/2017 17:00,1997-11-03T17:00:00.000-07:00,8934,buy,intc,15.19493611,135751.5591836928370881310002},2010-03-07T17:00:00.000-07:00,6073,sell,sap,42.39144473,257443.2438367151320122161451},2010-02-18T17:00:00.000-07:00,8287,sell,sap,40.27153809,333730.2361355980477171101484}
5ca4bbc1a2dd94ee58161d69,164836,20,12/31/1963 17:00,9/11/2016 17:00,1983-08-30T17:00:00.000-07:00,7719,buy,intc,0.686414295,5298.431944567953013169869791},2014-10-08T17:00:00.000-07:00,1144,buy,sap,67.15193105,76821.80911871094065190845868},2013-10-29T17:00:00.000-07:00,1898,sell,nflx,45.34749124,86069.53837348657486927550053}
5ca4bbc1a2dd94ee58161d6a,144469,51,10/17/1972 17:00,1/5/2017 17:00,2015-12-06T17:00:00.000-07:00,8220,sell,crm,81.21176513,667560.7093949563625301379943},2016-12-20T17:00:00.000-07:00,6699,buy,team,24.0092062,160837.6723197319764757651228},2016-09-15T17:00:00.000-07:00,6715,sell,team,29.80084088,200112.6465373408739623073416}
5ca4bbc1a2dd94ee58161d6b,131176,54,9/14/1964 17:00,1/3/2017 17:00,2015-06-15T17:00:00.000-07:00,13,sell,amd,2.325679565,30.23383435062237856172373540},1992-01-05T17:00:00.000-07:00,9368,sell,amd,9.312842464,87242.70820022620134182034235},2010-01-05T17:00:00.000-07:00,1583,sell,csco,20.16937131,31928.11477769344616817193128}
5ca4bbc1a2dd94ee58161d6c,771691,86,8/7/1975 17:00,1/6/2017 17:00,2010-07-21T17:00:00.000-07:00,1505,buy,bb,54.03094996,81316.57968332251510190644694},2014-12-01T17:00:00.000-07:00,9497,buy,bb,10.3515814,98308.96854213437911340633946},2013-09-08T17:00:00.000-07:00,2448,buy,fb,44.26962366,108372.0387164254113940842217}
5ca4bbc1a2dd94ee58161d6d,167939,77,5/14/1986 17:00,1/6/2017 17:00,2013-02-26T17:00:00.000-07:00,8017,sell,msft,24.50752904,196476.8602942881977497791013},2007-10-30T17:00:00.000-07:00,8371,sell,bb,123.9843477,1037872.974602687453625549097},2013-07-21T17:00:00.000-07:00,5686,sell,crm,41.87260925,238087.6561697055869046835141}
5ca4bbc1a2dd94ee58161d6e,321695,92,2/8/1987 17:00,1/8/2017 17:00,2010-03-17T17:00:00.000-07:00,8611,sell,aapl,28.59972772,246272.2553864708899027391453},2006-03-22T17:00:00.000-07:00,7515,sell,csco,17.62909856,132482.6757039897892020974268},2008-02-25T17:00:00.000-07:00,2223,sell,crm,13.42332937,29840.06117983396333492862595}
5ca4bbc1a2dd94ee58161d6f,183400,1,2/13/2010 17:00,5/23/2013 17:00,2013-01-01T17:00:00.000-07:00,4908,buy,crm,42.51431227,208660.2445992053817462874576}],,,,,,,,,,,,
5ca4bbc1a2dd94ee58161d70,246735,40,5/5/1987 17:00,12/30/2016 17:00,2011-11-24T17:00:00.000-07:00,6640,buy,nvda,13.29316344,88266.60523158414278555028432},1999-07-07T17:00:00.000-07:00,6939,sell,amzn,62.78339313,435653.9649218903214773490618},2016-07-14T17:00:00.000-07:00,6836,buy,team,27.42433007,187472.7203674394287133964099}
5ca4bbc1a2dd94ee58161d71,59819,84,9/27/1962 17:00,1/5/2017 17:00,2009-09-20T17:00:00.000-07:00,3028,buy,aapl,23.45441878,71019.98006900523826345761336},1990-10-09T17:00:00.000-07:00,1940,sell,aapl,0.849277797,1647.598926620891810479463402},2002-07-08T17:00:00.000-07:00,6209,buy,ibm,58.11165346,360815.2563273318704872849594}
5ca4bbc1a2dd94ee58161d72,415928,66,1/29/1963 17:00,12/24/2016 17:00,2008-03-09T17:00:00.000-07:00,7171,sell,nvda,17.60208637,126224.5613797863502369978050},2016-05-17T17:00:00.000-07:00,6705,sell,goog,703.0150093,4713715.637460898073527459928},2001-12-27T17:00:00.000-07:00,1294,sell,ibm,102.5671588,132721.9034590870053307298804}
5ca4bbc1a2dd94ee58161d73,914197,52,2/3/1969 17:00,1/7/2017 17:00,2008-10-09T17:00:00.000-07:00,2677,buy,ebay,7.102643813,19013.77748624117171871716891},2016-11-09T17:00:00.000-07:00,3018,buy,goog,767.0426957,2314934.855649982232307593222},2014-02-12T17:00:00.000-07:00,7247,buy,znga,4.700758681,34066.39815851922419920327911}
5ca4bbc1a2dd94ee58161d74,757913,22,8/14/1974 17:00,11/26/2016 17:00,2014-02-02T17:00:00.000-07:00,3349,buy,ebay,22.03103956,73781.95148096487968913947952},2013-08-21T17:00:00.000-07:00,3363,buy,intc,19.63628034,66036.81079810454228251614950},2016-01-10T17:00:00.000-07:00,1452,buy,team,27.49716984,39925.89060418038144462116179}
5ca4bbc1a2dd94ee58161d75,271554,96,5/9/1985 17:00,12/23/2016 17:00,2004-04-13T17:00:00.000-07:00,9870,buy,nvda,8.033482367,79290.47096415990406370610799},2000-02-23T17:00:00.000-07:00,9888,buy,amd,21.31283133,210741.2762299662623490803526},2008-03-17T17:00:00.000-07:00,1793,sell,adbe,31.43528524,56363.46644046355633861367096}
5ca4bbc1a2dd94ee58161d76,572114,77,10/22/1971 17:00,1/6/2017 17:00,2016-04-19T17:00:00.000-07:00,2790,sell,znga,2.484733419,6932.406238157721398707167282},2016-09-06T17:00:00.000-07:00,6301,buy,goog,779.247189,4910036.538001583285563356185},2006-11-29T17:00:00.000-07:00,3365,sell,ibm,77.0488394,259269.3445821402277573497486}
5ca4bbc1a2dd94ee58161d77,440243,12,9/1/1999 17:00,11/27/2016 17:00,2008-07-31T17:00:00.000-07:00,1321,buy,crm,16.07200957,21231.12464834410604552772384},2000-06-19T17:00:00.000-07:00,5172,buy,intc,55.18090204,285395.6253553782179892550630},2016-09-27T17:00:00.000-07:00,4117,sell,team,29.81045166,122729.6294727048097250587944}
5ca4bbc1a2dd94ee58161d78,86702,20,8/22/1998 17:00,10/15/2016 17:00,2014-04-02T17:00:00.000-07:00,6674,sell,bb,8.30047022,55397.33824871424727120938769},2014-02-19T17:00:00.000-07:00,6060,buy,znga,5.015022036,30391.03353837657252256576612},2014-08-25T17:00:00.000-07:00,5977,sell,crm,58.5192634,349769.6373434791012826394763}
5ca4bbc1a2dd94ee58161d79,861706,72,10/10/1972 17:00,12/8/2016 17:00,2013-08-27T17:00:00.000-07:00,7512,buy,nflx,40.66361029,305465.0404907028629395426833},2013-09-23T17:00:00.000-07:00,9564,sell,nflx,43.13144317,412509.1224722365413697389158},2015-07-19T17:00:00.000-07:00,1251,buy,sap,72.71646771,90968.30110234651959899565554}
5ca4bbc1a2dd94ee58161d7a,525530,89,9/22/1965 17:00,1/1/2017 17:00,2016-10-12T17:00:00.000-07:00,8643,buy,goog,777.0984249,6716461.686021048359634733060},2016-05-08T17:00:00.000-07:00,1302,buy,fb,119.5604976,155667.7678501767555871992954},2016-04-17T17:00:00.000-07:00,6323,buy,nvda,36.5052972,230822.9941961225152198267097}
5ca4bbc1a2dd94ee58161d7b,226398,46,12/13/1973 17:00,1/4/2017 17:00,2013-11-25T17:00:00.000-07:00,8441,buy,znga,4.438714443,37467.18861713556520243173509},2006-03-29T17:00:00.000-07:00,1430,sell,msft,22.72189686,32492.31250351337607185087109},1988-03-01T17:00:00.000-07:00,4739,sell,intc,0.731552676,3466.828131842511301119458267}
